-- Dang nhap bang admin

-- insert DONVI
INSERT INTO DONVI VALUES('VPK', 'Van phong khoa', NULL);
INSERT INTO DONVI VALUES('HTTT', 'Bo mon HTTT', NULL);
INSERT INTO DONVI VALUES('CNPM', 'Bo mon CNPM', NULL);
INSERT INTO DONVI VALUES('KHMT', 'Bo mon KHMT', NULL);
INSERT INTO DONVI VALUES('CNTT', 'Bo mon CNTT', NULL);
INSERT INTO DONVI VALUES('TGMT', 'Bo mon TGMT', NULL);
INSERT INTO DONVI VALUES('MMT', 'Bo mon MMT va Vien Thong', NULL);



-- insert NHANSU
-- Truong khoa va truong don vi
INSERT INTO NHANSU VALUES('NV001', 'Nguyen Van A', 'Nam', TO_DATE('01/01/1981', 'DD/MM/YYYY'), 2000, '0919123111', 'TRUONG KHOA', 'VPK');
INSERT INTO NHANSU VALUES('NV002', 'Nguyen Thi B', 'Nu', TO_DATE('01/02/1970', 'DD/MM/YYYY'), 1500, '0919123222', 'TRUONG DON VI', 'HTTT');
INSERT INTO NHANSU VALUES('NV003', 'Tran Van C', 'Nam', TO_DATE('03/02/1980', 'DD/MM/YYYY'), 1500, '0919123333', 'TRUONG DON VI', 'CNPM');
INSERT INTO NHANSU VALUES('NV004', 'Tran Thi D', 'Nu', TO_DATE('04/04/1975', 'DD/MM/YYYY'), 1600, '0919123444', 'TRUONG DON VI', 'KHMT');
INSERT INTO NHANSU VALUES('NV005', 'Le Van E', 'Nam', TO_DATE('10/05/1977', 'DD/MM/YYYY'), 1600, '0919123555', 'TRUONG DON VI', 'CNTT');
INSERT INTO NHANSU VALUES('NV006', 'Le Thi F', 'Nam', TO_DATE('01/01/1978', 'DD/MM/YYYY'), 1400, '0919123666', 'TRUONG DON VI', 'TGMT');
INSERT INTO NHANSU VALUES('NV007', 'Nguyen Van G', 'Nam', TO_DATE('01/12/1980', 'DD/MM/YYYY'), 1500, '0955123777', 'TRUONG DON VI', 'MMT');
-- Nhan vien co ban
INSERT INTO NHANSU VALUES('NV101', 'Nguyen Van Nhan', 'Nam', TO_DATE('12/06/1985', 'DD/MM/YYYY'), 600, '0919123101', 'NHAN VIEN', 'VPK');
INSERT INTO NHANSU VALUES('NV102', 'Nguyen Van Vien', 'Nam', TO_DATE('05/12/1981', 'DD/MM/YYYY'), 500, '0919123102', 'NHAN VIEN', 'VPK');
INSERT INTO NHANSU VALUES('NV103', 'Nguyen Van Co', 'Nam', TO_DATE('04/09/1983', 'DD/MM/YYYY'), 600, '0919123103', 'NHAN VIEN', 'VPK');
INSERT INTO NHANSU VALUES('NV104', 'Nguyen Van Ban', 'Nam', TO_DATE('09/01/1984', 'DD/MM/YYYY'), 550, '0919123104', 'NHAN VIEN', 'VPK');
INSERT INTO NHANSU VALUES('NV105', 'Nguyen Nhan Vien', 'Nam', TO_DATE('09/01/1988', 'DD/MM/YYYY'), 600, '0919123105', 'NHAN VIEN', 'VPK');
-- Giao vu
INSERT INTO NHANSU VALUES('NV201', 'Nguyen Van Giao', 'Nam', TO_DATE('28/01/1990', 'DD/MM/YYYY'), 600, '0919123201', 'GIAO VU', 'VPK');
INSERT INTO NHANSU VALUES('NV202', 'Nguyen Van Vu', 'Nam', TO_DATE('29/01/1986', 'DD/MM/YYYY'), 800, '0919123202', 'GIAO VU', 'VPK');
INSERT INTO NHANSU VALUES('NV203', 'Tran Van Giao', 'Nam', TO_DATE('30/10/1988', 'DD/MM/YYYY'), 600, '0919123203', 'GIAO VU', 'VPK');
INSERT INTO NHANSU VALUES('NV204', 'Tran Van Vu', 'Nam', TO_DATE('20/11/1988', 'DD/MM/YYYY'), 500, '0919123204', 'GIAO VU', 'VPK');
INSERT INTO NHANSU VALUES('NV205', 'Giao Van Vu', 'Nam', TO_DATE('10/09/1988', 'DD/MM/YYYY'), 700, '0919123205', 'GIAO VU', 'VPK');
-- Giang vien
INSERT INTO NHANSU VALUES('NV301', 'Nguyen Van He', 'Nam', TO_DATE('01/01/1990', 'DD/MM/YYYY'), 1000, '0919123301', 'GIANG VIEN', 'HTTT');
INSERT INTO NHANSU VALUES('NV302', 'Nguyen Van Thong', 'Nam', TO_DATE('10/01/1985', 'DD/MM/YYYY'), 1000, '0919123302', 'GIANG VIEN', 'HTTT');
INSERT INTO NHANSU VALUES('NV303', 'Nguyen Van Thong', 'Nam', TO_DATE('01/02/1986', 'DD/MM/YYYY'), 1200, '0919123303', 'GIANG VIEN', 'HTTT');
INSERT INTO NHANSU VALUES('NV304', 'Nguyen Van Tin', 'Nam', TO_DATE('10/9/1983', 'DD/MM/YYYY'), 1100, '0919123304', 'GIANG VIEN', 'HTTT');
INSERT INTO NHANSU VALUES('NV305', 'Nguyen Thi A', 'Nu', TO_DATE('01/01/1985', 'DD/MM/YYYY'), 1000, '0919123305', 'GIANG VIEN', 'HTTT');

INSERT INTO NHANSU VALUES('NV306', 'Nguyen Van Cong', 'Nam', TO_DATE('01/01/1985', 'DD/MM/YYYY'), 1000, '0919123306', 'GIANG VIEN', 'CNPM');
INSERT INTO NHANSU VALUES('NV307', 'Nguyen Van Nghe', 'Nam', TO_DATE('01/11/1986', 'DD/MM/YYYY'), 1100, '0919123307', 'GIANG VIEN', 'CNPM');
INSERT INTO NHANSU VALUES('NV308', 'Nguyen Van Phan', 'Nam', TO_DATE('01/11/1988', 'DD/MM/YYYY'), 1000, '0919123308', 'GIANG VIEN', 'CNPM');
INSERT INTO NHANSU VALUES('NV309', 'Nguyen Van Mem', 'Nam', TO_DATE('01/05/1986', 'DD/MM/YYYY'), 900, '0919123309', 'GIANG VIEN', 'CNPM');
INSERT INTO NHANSU VALUES('NV310', 'Nguyen Thi B', 'Nu', TO_DATE('05/08/1982', 'DD/MM/YYYY'), 1100, '0919123310', 'GIANG VIEN', 'CNPM');

INSERT INTO NHANSU VALUES('NV311', 'Tran Van Khoa', 'Nam', TO_DATE('01/01/1985', 'DD/MM/YYYY'), 1000, '0919123311', 'GIANG VIEN', 'KHMT');
INSERT INTO NHANSU VALUES('NV312', 'Tran Van Hoc', 'Nam', TO_DATE('01/02/1981', 'DD/MM/YYYY'), 900, '0919123312', 'GIANG VIEN', 'KHMT');
INSERT INTO NHANSU VALUES('NV313', 'Tran Van May', 'Nam', TO_DATE('01/03/1982', 'DD/MM/YYYY'), 1100, '0919123313', 'GIANG VIEN', 'KHMT');
INSERT INTO NHANSU VALUES('NV314', 'Tran Van Tinh', 'Nam', TO_DATE('04/01/1983', 'DD/MM/YYYY'), 1000, '0919123314', 'GIANG VIEN', 'KHMT');
INSERT INTO NHANSU VALUES('NV315', 'Tran Thi C', 'Nu', TO_DATE('06/01/1984', 'DD/MM/YYYY'), 1100, '0919123315', 'GIANG VIEN', 'KHMT');

INSERT INTO NHANSU VALUES('NV316', 'Le Van Cong', 'Nam', TO_DATE('02/01/1985', 'DD/MM/YYYY'), 1000, '0919123316', 'GIANG VIEN', 'CNTT');
INSERT INTO NHANSU VALUES('NV317', 'Le Van Nghe', 'Nam', TO_DATE('12/01/1975', 'DD/MM/YYYY'), 1150, '0919123317', 'GIANG VIEN', 'CNTT');
INSERT INTO NHANSU VALUES('NV318', 'Le Van Tri', 'Nam', TO_DATE('01/10/1992', 'DD/MM/YYYY'), 1150, '0919123318', 'GIANG VIEN', 'CNTT');
INSERT INTO NHANSU VALUES('NV319', 'Le Van Thuc', 'Nam', TO_DATE('01/06/1980', 'DD/MM/YYYY'), 1200, '0919123319', 'GIANG VIEN', 'CNTT');
INSERT INTO NHANSU VALUES('NV320', 'Le Thi D', 'Nu', TO_DATE('01/09/1980', 'DD/MM/YYYY'), 1100, '0919123320', 'GIANG VIEN', 'CNTT');

INSERT INTO NHANSU VALUES('NV321', 'Nguyen Van Thi', 'Nam', TO_DATE('01/01/1980', 'DD/MM/YYYY'), 1000, '0919123321', 'GIANG VIEN', 'TGMT');
INSERT INTO NHANSU VALUES('NV322', 'Nguyen Van Giac', 'Nam', TO_DATE('11/03/1979', 'DD/MM/YYYY'), 1000, '0919123322', 'GIANG VIEN', 'TGMT');
INSERT INTO NHANSU VALUES('NV323', 'Nguyen Van May', 'Nam', TO_DATE('10/04/1978', 'DD/MM/YYYY'), 1100, '0919123323', 'GIANG VIEN', 'TGMT');
INSERT INTO NHANSU VALUES('NV324', 'Nguyen Van Tinh', 'Nam', TO_DATE('08/05/1989', 'DD/MM/YYYY'), 1050, '0919123324', 'GIANG VIEN', 'TGMT');
INSERT INTO NHANSU VALUES('NV325', 'Nguyen Thi E', 'Nu', TO_DATE('07/06/1988', 'DD/MM/YYYY'), 1200, '0919123325', 'GIANG VIEN', 'TGMT');

INSERT INTO NHANSU VALUES('NV326', 'Nguyen Van Mang', 'Nam', TO_DATE('01/01/1985', 'DD/MM/YYYY'), 1000, '0919123326', 'GIANG VIEN', 'MMT');
INSERT INTO NHANSU VALUES('NV327', 'Nguyen Van May', 'Nam', TO_DATE('11/01/1984', 'DD/MM/YYYY'), 950, '0919123327', 'GIANG VIEN', 'MMT');
INSERT INTO NHANSU VALUES('NV328', 'Nguyen Van Tinh', 'Nam', TO_DATE('21/09/1986', 'DD/MM/YYYY'), 1050, '0919123328', 'GIANG VIEN', 'MMT');
INSERT INTO NHANSU VALUES('NV329', 'Nguyen Thi Mang', 'Nu', TO_DATE('02/06/1993', 'DD/MM/YYYY'), 1100, '0919123329', 'GIANG VIEN', 'MMT');
INSERT INTO NHANSU VALUES('NV330', 'Nguyen Thi Tinh', 'Nu', TO_DATE('03/10/1992', 'DD/MM/YYYY'), 950, '0919123330', 'GIANG VIEN', 'MMT');


-- update truong don vi
UPDATE DONVI SET TRGDV = 'NV001' WHERE MADV = 'VPK';
UPDATE DONVI SET TRGDV = 'NV002' WHERE MADV = 'HTTT';
UPDATE DONVI SET TRGDV = 'NV003' WHERE MADV = 'CNPM';
UPDATE DONVI SET TRGDV = 'NV004' WHERE MADV = 'KHMT';
UPDATE DONVI SET TRGDV = 'NV005' WHERE MADV = 'CNTT';
UPDATE DONVI SET TRGDV = 'NV006' WHERE MADV = 'TGMT';
UPDATE DONVI SET TRGDV = 'NV007' WHERE MADV = 'MMT';



-- INSERT SINHVIEN
-- CQ
INSERT INTO SINHVIEN VALUES ('SV1001', 'Nguyen Gia Huy', 'Nam', TO_DATE('16/03/2003', 'DD/MM/YYYY'), 'Xuan Loc, Dong Nai' ,'0855551001', 'CQ', 'CNTT', 100, 8);
INSERT INTO SINHVIEN VALUES ('SV1002', 'Nguyen Ven Bu', 'Nam', TO_DATE('01/03/2003', 'DD/MM/YYYY'), 'Q1, TP HCM' ,'0855551002', 'CQ', 'CNTT', 98, 7.5);
INSERT INTO SINHVIEN VALUES ('SV1003', 'Nguyen Van Chinh', 'Nam', TO_DATE('02/03/2003', 'DD/MM/YYYY'), 'Q2, TP HCM' ,'0855551003', 'CQ', 'CNTT', 102, 6.5);
INSERT INTO SINHVIEN VALUES ('SV1004', 'Nguyen Van Quy', 'Nam', TO_DATE('01/09/2003', 'DD/MM/YYYY'), 'Q3, TP HCM' ,'0855551004', 'CQ', 'CNTT', 99, 7.0);
INSERT INTO SINHVIEN VALUES ('SV1005', 'Nguyen Chinh Quy', 'Nam', TO_DATE('01/12/2003', 'DD/MM/YYYY'), 'Q4, TP HCM' ,'0855551005', 'CQ', 'CNTT', 98, 7.9);

-- CLC
INSERT INTO SINHVIEN VALUES ('SV2001', 'Tran Duc Huu', 'Nam', TO_DATE('09/11/2003', 'DD/MM/YYYY'), 'Dong Hoa, Phu Yen' ,'0855552001', 'CLC', 'CNTT', 102, 8.2);
INSERT INTO SINHVIEN VALUES ('SV2002', 'Tran Duc', 'Nam', TO_DATE('09/09/2003', 'DD/MM/YYYY'), 'Q2, TP HCM' ,'0855552002', 'CLC', 'CNTT', 90, 6.5);
INSERT INTO SINHVIEN VALUES ('SV2003', 'Tran Van Chat', 'Nam', TO_DATE('05/04/2003', 'DD/MM/YYYY'), 'Q3, TP HCM' ,'0855552003', 'CLC', 'CNTT', 95, 7.5);
INSERT INTO SINHVIEN VALUES ('SV2004', 'Tran Van Luong', 'Nam', TO_DATE('15/07/2003', 'DD/MM/YYYY'), 'Q4, TP HCM' ,'0855552004', 'CLC', 'CNTT', 105, 8.5);
INSERT INTO SINHVIEN VALUES ('SV2005', 'Tran Van Cao', 'Nam', TO_DATE('09/02/2003', 'DD/MM/YYYY'), 'Q5, TP HCM' ,'0855552005', 'CLC', 'CNTT', 100, 6.8);
-- CTTT
INSERT INTO SINHVIEN VALUES ('SV3001', 'Le Huy Quach', 'Nam', TO_DATE('10/04/2003', 'DD/MM/YYYY'), 'Phuong 2, Ca Mau' ,'0855553001', 'CTTT', 'CNTT', 100, 9.3);
INSERT INTO SINHVIEN VALUES ('SV3002', 'Nguyen Thi Chuong', 'Nu', TO_DATE('01/04/2003', 'DD/MM/YYYY'), 'Q3, TP HCM' ,'0855553002', 'CTTT', 'CNTT', 102, 9.0);
INSERT INTO SINHVIEN VALUES ('SV3003', 'Nguyen Thi Trinh', 'Nu', TO_DATE('03/05/2003', 'DD/MM/YYYY'), 'Q4, TP HCM' ,'0855553003', 'CTTT', 'CNTT', 101, 6.0);
INSERT INTO SINHVIEN VALUES ('SV3004', 'Nguyen Thi Tien', 'Nu', TO_DATE('11/06/2003', 'DD/MM/YYYY'), 'Q5, TP HCM' ,'0855553004', 'CTTT', 'CNTT', 100, 7.8);
INSERT INTO SINHVIEN VALUES ('SV3005', 'Nguyen Thi Tien', 'Nu', TO_DATE('01/07/2003', 'DD/MM/YYYY'), 'Q6, TP HCM' ,'0855553005', 'CTTT', 'CNTT', 88, 8.1);
-- VP
INSERT INTO SINHVIEN VALUES ('SV4001', 'Huynh Khai', 'Nam', TO_DATE('16/08/2003', 'DD/MM/YYYY'), 'Dam Doi, Ca Mau' ,'0855554001', 'VP', 'CNTT', 102, 8.5);
INSERT INTO SINHVIEN VALUES ('SV4002', 'Nguyen Van Vuong', 'Nam', TO_DATE('01/01/2003', 'DD/MM/YYYY'), 'Q4, TP HCM' ,'0855554002', 'VP', 'CNTT', 95, 6.0);
INSERT INTO SINHVIEN VALUES ('SV4003', 'Nguyen Van Viet', 'Nam', TO_DATE('15/03/2003', 'DD/MM/YYYY'), 'Q5, TP HCM' ,'0855554003', 'VP', 'CNTT', 94, 6.5);
INSERT INTO SINHVIEN VALUES ('SV4004', 'Nguyen Van Phap', 'Nam', TO_DATE('16/04/2003', 'DD/MM/YYYY'), 'Q6, TP HCM' ,'0855554004', 'VP', 'CNTT', 105, 6.8);
INSERT INTO SINHVIEN VALUES ('SV4005', 'Nguyen Viet Phap', 'Nam', TO_DATE('18/05/2003', 'DD/MM/YYYY'), 'Q7, TP HCM' ,'0855554005', 'VP', 'CNTT', 95, 8.3);

-- INSERT HOCPHAN
INSERT INTO HOCPHAN VALUES('HP001', 'Kien tap nghe nghiep', 2, 2, 0, 135, 'VPK');
INSERT INTO HOCPHAN VALUES('HP002', 'Khoi nghiep', 3, 3, 0, 120, 'VPK');
INSERT INTO HOCPHAN VALUES('HP003', 'Ky nang mem', 2, 2, 0, 120, 'VPK');
INSERT INTO HOCPHAN VALUES('HP004', 'Nhap mon CNTT', 4, 3, 1, 100, 'VPK');
INSERT INTO HOCPHAN VALUES('HP005', 'He thong may tinh', 2, 2, 0, 80, 'VPK');

INSERT INTO HOCPHAN VALUES('HP101', 'Co so du lieu', 4, 3, 1, 100, 'HTTT');
INSERT INTO HOCPHAN VALUES('HP102', 'He quan tri co so du lieu', 4, 3, 1, 100, 'HTTT');
INSERT INTO HOCPHAN VALUES('HP103', 'Co so du lieu nang cao', 4, 3, 1, 110, 'HTTT');
INSERT INTO HOCPHAN VALUES('HP104', 'ATBM du lieu trong HTTT', 4, 3, 1, 80, 'HTTT');
INSERT INTO HOCPHAN VALUES('HP105', 'Phan tich thiet ke HTTT', 4, 3, 1, 100, 'HTTT');

INSERT INTO HOCPHAN VALUES('HP201', 'Nhap mon lap trinh', 4, 3, 1, 100, 'CNPM');
INSERT INTO HOCPHAN VALUES('HP202', 'Ky thuat lap trinh', 4, 3, 1, 120, 'CNPM');
INSERT INTO HOCPHAN VALUES('HP203', 'Lap trinh huong doi tuong', 4, 3, 1, 110, 'CNPM');
INSERT INTO HOCPHAN VALUES('HP204', 'Nhap mon cong nghe phan mem', 4, 3, 1, 120, 'CNPM');
INSERT INTO HOCPHAN VALUES('HP205', 'Thiet ke phan mem', 4, 3, 1, 120, 'CNPM');

INSERT INTO HOCPHAN VALUES('HP301', 'CTDL va giai thuat', 4, 3, 1, 120, 'KHMT');
INSERT INTO HOCPHAN VALUES('HP302', 'Co so tri tue nhan tao', 4, 3, 1, 120, 'KHMT');
INSERT INTO HOCPHAN VALUES('HP303', 'Nhap mon KHDL', 4, 3, 1, 100, 'KHMT');
INSERT INTO HOCPHAN VALUES('HP304', 'Nhap mon hoc may', 4, 3, 1, 130, 'KHMT');
INSERT INTO HOCPHAN VALUES('HP305', 'Nhap mon du lieu lon', 4, 3, 1, 80, 'KHMT');

INSERT INTO HOCPHAN VALUES('HP401', 'Xu li ngon ngu tu nhien', 4, 3, 1, 100, 'CNTT');
INSERT INTO HOCPHAN VALUES('HP402', 'Hoc thong ke', 4, 3, 1, 110, 'CNTT');
INSERT INTO HOCPHAN VALUES('HP403', 'Khai thac du lieu', 4, 3, 1, 100, 'CNTT');
INSERT INTO HOCPHAN VALUES('HP404', 'Ma hoa ung dung', 4, 3, 1, 60, 'CNTT');
INSERT INTO HOCPHAN VALUES('HP405', 'Phan tich du lieu thong minh', 4, 3, 1, 80, 'CNTT');

INSERT INTO HOCPHAN VALUES('HP501', 'Xu li anh so', 4, 3, 1, 80, 'TGMT');
INSERT INTO HOCPHAN VALUES('HP502', 'Xu li video', 4, 3, 1, 80, 'TGMT');
INSERT INTO HOCPHAN VALUES('HP503', 'Ma hoa may tinh', 4, 3, 1, 70, 'TGMT');
INSERT INTO HOCPHAN VALUES('HP504', 'Thi giac may tinh', 4, 3, 1, 80, 'TGMT');
INSERT INTO HOCPHAN VALUES('HP505', 'Nhan dang', 4, 3, 1, 60, 'TGMT');

INSERT INTO HOCPHAN VALUES('HP601', 'Mang may tinh', 4, 3, 1, 120, 'MMT');
INSERT INTO HOCPHAN VALUES('HP602', 'Mang may tinh nang cao', 4, 3, 1, 70, 'MMT');
INSERT INTO HOCPHAN VALUES('HP603', 'An ninh mang', 4, 3, 1, 50, 'MMT');
INSERT INTO HOCPHAN VALUES('HP604', 'Lap trinh mang', 4, 3, 1, 60, 'MMT');
INSERT INTO HOCPHAN VALUES('HP605', 'Thiet ke mang', 4, 3, 1, 50, 'MMT');


--INSERT INTO KHMO
-- cq
INSERT INTO KHMO VALUES('HP001', 1, 2024, 'CQ');
INSERT INTO KHMO VALUES('HP002', 1, 2024, 'CQ');
INSERT INTO KHMO VALUES('HP101', 1, 2024, 'CQ');
INSERT INTO KHMO VALUES('HP102', 1, 2024, 'CQ');
INSERT INTO KHMO VALUES('HP201', 1, 2024, 'CQ');
INSERT INTO KHMO VALUES('HP202', 1, 2024, 'CQ');
INSERT INTO KHMO VALUES('HP301', 1, 2024, 'CQ');
INSERT INTO KHMO VALUES('HP302', 1, 2024, 'CQ');
INSERT INTO KHMO VALUES('HP401', 1, 2024, 'CQ');
INSERT INTO KHMO VALUES('HP402', 1, 2024, 'CQ');
INSERT INTO KHMO VALUES('HP501', 1, 2024, 'CQ');
INSERT INTO KHMO VALUES('HP502', 1, 2024, 'CQ');
INSERT INTO KHMO VALUES('HP601', 1, 2024, 'CQ');
INSERT INTO KHMO VALUES('HP602', 1, 2024, 'CQ');

INSERT INTO KHMO VALUES('HP003', 2, 2024, 'CQ');
INSERT INTO KHMO VALUES('HP004', 2, 2024, 'CQ');
INSERT INTO KHMO VALUES('HP103', 2, 2024, 'CQ');
INSERT INTO KHMO VALUES('HP104', 2, 2024, 'CQ');
INSERT INTO KHMO VALUES('HP203', 2, 2024, 'CQ');
INSERT INTO KHMO VALUES('HP204', 2, 2024, 'CQ');
INSERT INTO KHMO VALUES('HP303', 2, 2024, 'CQ');
INSERT INTO KHMO VALUES('HP304', 2, 2024, 'CQ');
INSERT INTO KHMO VALUES('HP403', 2, 2024, 'CQ');
INSERT INTO KHMO VALUES('HP404', 2, 2024, 'CQ');
INSERT INTO KHMO VALUES('HP503', 2, 2024, 'CQ');
INSERT INTO KHMO VALUES('HP504', 2, 2024, 'CQ');
INSERT INTO KHMO VALUES('HP603', 2, 2024, 'CQ');
INSERT INTO KHMO VALUES('HP604', 2, 2024, 'CQ');

INSERT INTO KHMO VALUES('HP001', 3, 2024, 'CQ');
INSERT INTO KHMO VALUES('HP005', 3, 2024, 'CQ');
INSERT INTO KHMO VALUES('HP101', 3, 2024, 'CQ');
INSERT INTO KHMO VALUES('HP105', 3, 2024, 'CQ');
INSERT INTO KHMO VALUES('HP201', 3, 2024, 'CQ');
INSERT INTO KHMO VALUES('HP205', 3, 2024, 'CQ');
INSERT INTO KHMO VALUES('HP301', 3, 2024, 'CQ');
INSERT INTO KHMO VALUES('HP305', 3, 2024, 'CQ');
INSERT INTO KHMO VALUES('HP401', 3, 2024, 'CQ');
INSERT INTO KHMO VALUES('HP405', 3, 2024, 'CQ');
INSERT INTO KHMO VALUES('HP501', 3, 2024, 'CQ');
INSERT INTO KHMO VALUES('HP505', 3, 2024, 'CQ');
INSERT INTO KHMO VALUES('HP601', 3, 2024, 'CQ');
INSERT INTO KHMO VALUES('HP605', 3, 2024, 'CQ');


-- clc
INSERT INTO KHMO VALUES('HP001', 1, 2024, 'CLC');
INSERT INTO KHMO VALUES('HP002', 1, 2024, 'CLC');
INSERT INTO KHMO VALUES('HP101', 1, 2024, 'CLC');
INSERT INTO KHMO VALUES('HP102', 1, 2024, 'CLC');
INSERT INTO KHMO VALUES('HP201', 1, 2024, 'CLC');
INSERT INTO KHMO VALUES('HP202', 1, 2024, 'CLC');
INSERT INTO KHMO VALUES('HP301', 1, 2024, 'CLC');
INSERT INTO KHMO VALUES('HP302', 1, 2024, 'CLC');
INSERT INTO KHMO VALUES('HP401', 1, 2024, 'CLC');
INSERT INTO KHMO VALUES('HP402', 1, 2024, 'CLC');
INSERT INTO KHMO VALUES('HP501', 1, 2024, 'CLC');
INSERT INTO KHMO VALUES('HP502', 1, 2024, 'CLC');
INSERT INTO KHMO VALUES('HP601', 1, 2024, 'CLC');
INSERT INTO KHMO VALUES('HP602', 1, 2024, 'CLC');

INSERT INTO KHMO VALUES('HP003', 2, 2024, 'CLC');
INSERT INTO KHMO VALUES('HP004', 2, 2024, 'CLC');
INSERT INTO KHMO VALUES('HP103', 2, 2024, 'CLC');
INSERT INTO KHMO VALUES('HP104', 2, 2024, 'CLC');
INSERT INTO KHMO VALUES('HP203', 2, 2024, 'CLC');
INSERT INTO KHMO VALUES('HP204', 2, 2024, 'CLC');
INSERT INTO KHMO VALUES('HP303', 2, 2024, 'CLC');
INSERT INTO KHMO VALUES('HP304', 2, 2024, 'CLC');
INSERT INTO KHMO VALUES('HP403', 2, 2024, 'CLC');
INSERT INTO KHMO VALUES('HP404', 2, 2024, 'CLC');
INSERT INTO KHMO VALUES('HP503', 2, 2024, 'CLC');
INSERT INTO KHMO VALUES('HP504', 2, 2024, 'CLC');
INSERT INTO KHMO VALUES('HP603', 2, 2024, 'CLC');
INSERT INTO KHMO VALUES('HP604', 2, 2024, 'CLC');

INSERT INTO KHMO VALUES('HP001', 3, 2024, 'CLC');
INSERT INTO KHMO VALUES('HP005', 3, 2024, 'CLC');
INSERT INTO KHMO VALUES('HP101', 3, 2024, 'CLC');
INSERT INTO KHMO VALUES('HP105', 3, 2024, 'CLC');
INSERT INTO KHMO VALUES('HP201', 3, 2024, 'CLC');
INSERT INTO KHMO VALUES('HP205', 3, 2024, 'CLC');
INSERT INTO KHMO VALUES('HP301', 3, 2024, 'CLC');
INSERT INTO KHMO VALUES('HP305', 3, 2024, 'CLC');
INSERT INTO KHMO VALUES('HP401', 3, 2024, 'CLC');
INSERT INTO KHMO VALUES('HP405', 3, 2024, 'CLC');
INSERT INTO KHMO VALUES('HP501', 3, 2024, 'CLC');
INSERT INTO KHMO VALUES('HP505', 3, 2024, 'CLC');
INSERT INTO KHMO VALUES('HP601', 3, 2024, 'CLC');
INSERT INTO KHMO VALUES('HP605', 3, 2024, 'CLC');

-- CTTT
INSERT INTO KHMO VALUES('HP001', 1, 2024, 'CTTT');
INSERT INTO KHMO VALUES('HP002', 1, 2024, 'CTTT');
INSERT INTO KHMO VALUES('HP101', 1, 2024, 'CTTT');
INSERT INTO KHMO VALUES('HP102', 1, 2024, 'CTTT');
INSERT INTO KHMO VALUES('HP201', 1, 2024, 'CTTT');
INSERT INTO KHMO VALUES('HP202', 1, 2024, 'CTTT');
INSERT INTO KHMO VALUES('HP301', 1, 2024, 'CTTT');
INSERT INTO KHMO VALUES('HP302', 1, 2024, 'CTTT');
INSERT INTO KHMO VALUES('HP401', 1, 2024, 'CTTT');
INSERT INTO KHMO VALUES('HP402', 1, 2024, 'CTTT');
INSERT INTO KHMO VALUES('HP501', 1, 2024, 'CTTT');
INSERT INTO KHMO VALUES('HP502', 1, 2024, 'CTTT');
INSERT INTO KHMO VALUES('HP601', 1, 2024, 'CTTT');
INSERT INTO KHMO VALUES('HP602', 1, 2024, 'CTTT');

INSERT INTO KHMO VALUES('HP003', 2, 2024, 'CTTT');
INSERT INTO KHMO VALUES('HP004', 2, 2024, 'CTTT');
INSERT INTO KHMO VALUES('HP103', 2, 2024, 'CTTT');
INSERT INTO KHMO VALUES('HP104', 2, 2024, 'CTTT');
INSERT INTO KHMO VALUES('HP203', 2, 2024, 'CTTT');
INSERT INTO KHMO VALUES('HP204', 2, 2024, 'CTTT');
INSERT INTO KHMO VALUES('HP303', 2, 2024, 'CTTT');
INSERT INTO KHMO VALUES('HP304', 2, 2024, 'CTTT');
INSERT INTO KHMO VALUES('HP403', 2, 2024, 'CTTT');
INSERT INTO KHMO VALUES('HP404', 2, 2024, 'CTTT');
INSERT INTO KHMO VALUES('HP503', 2, 2024, 'CTTT');
INSERT INTO KHMO VALUES('HP504', 2, 2024, 'CTTT');
INSERT INTO KHMO VALUES('HP603', 2, 2024, 'CTTT');
INSERT INTO KHMO VALUES('HP604', 2, 2024, 'CTTT');

INSERT INTO KHMO VALUES('HP001', 3, 2024, 'CTTT');
INSERT INTO KHMO VALUES('HP005', 3, 2024, 'CTTT');
INSERT INTO KHMO VALUES('HP101', 3, 2024, 'CTTT');
INSERT INTO KHMO VALUES('HP105', 3, 2024, 'CTTT');
INSERT INTO KHMO VALUES('HP201', 3, 2024, 'CTTT');
INSERT INTO KHMO VALUES('HP205', 3, 2024, 'CTTT');
INSERT INTO KHMO VALUES('HP301', 3, 2024, 'CTTT');
INSERT INTO KHMO VALUES('HP305', 3, 2024, 'CTTT');
INSERT INTO KHMO VALUES('HP401', 3, 2024, 'CTTT');
INSERT INTO KHMO VALUES('HP405', 3, 2024, 'CTTT');
INSERT INTO KHMO VALUES('HP501', 3, 2024, 'CTTT');
INSERT INTO KHMO VALUES('HP505', 3, 2024, 'CTTT');
INSERT INTO KHMO VALUES('HP601', 3, 2024, 'CTTT');
INSERT INTO KHMO VALUES('HP605', 3, 2024, 'CTTT');


-- VP
INSERT INTO KHMO VALUES('HP001', 1, 2024, 'VP');
INSERT INTO KHMO VALUES('HP002', 1, 2024, 'VP');
INSERT INTO KHMO VALUES('HP101', 1, 2024, 'VP');
INSERT INTO KHMO VALUES('HP102', 1, 2024, 'VP');
INSERT INTO KHMO VALUES('HP201', 1, 2024, 'VP');
INSERT INTO KHMO VALUES('HP202', 1, 2024, 'VP');
INSERT INTO KHMO VALUES('HP301', 1, 2024, 'VP');
INSERT INTO KHMO VALUES('HP302', 1, 2024, 'VP');
INSERT INTO KHMO VALUES('HP401', 1, 2024, 'VP');
INSERT INTO KHMO VALUES('HP402', 1, 2024, 'VP');
INSERT INTO KHMO VALUES('HP501', 1, 2024, 'VP');
INSERT INTO KHMO VALUES('HP502', 1, 2024, 'VP');
INSERT INTO KHMO VALUES('HP601', 1, 2024, 'VP');
INSERT INTO KHMO VALUES('HP602', 1, 2024, 'VP');

INSERT INTO KHMO VALUES('HP003', 2, 2024, 'VP');
INSERT INTO KHMO VALUES('HP004', 2, 2024, 'VP');
INSERT INTO KHMO VALUES('HP103', 2, 2024, 'VP');
INSERT INTO KHMO VALUES('HP104', 2, 2024, 'VP');
INSERT INTO KHMO VALUES('HP203', 2, 2024, 'VP');
INSERT INTO KHMO VALUES('HP204', 2, 2024, 'VP');
INSERT INTO KHMO VALUES('HP303', 2, 2024, 'VP');
INSERT INTO KHMO VALUES('HP304', 2, 2024, 'VP');
INSERT INTO KHMO VALUES('HP403', 2, 2024, 'VP');
INSERT INTO KHMO VALUES('HP404', 2, 2024, 'VP');
INSERT INTO KHMO VALUES('HP503', 2, 2024, 'VP');
INSERT INTO KHMO VALUES('HP504', 2, 2024, 'VP');
INSERT INTO KHMO VALUES('HP603', 2, 2024, 'VP');
INSERT INTO KHMO VALUES('HP604', 2, 2024, 'VP');

INSERT INTO KHMO VALUES('HP001', 3, 2024, 'VP');
INSERT INTO KHMO VALUES('HP005', 3, 2024, 'VP');
INSERT INTO KHMO VALUES('HP101', 3, 2024, 'VP');
INSERT INTO KHMO VALUES('HP105', 3, 2024, 'VP');
INSERT INTO KHMO VALUES('HP201', 3, 2024, 'VP');
INSERT INTO KHMO VALUES('HP205', 3, 2024, 'VP');
INSERT INTO KHMO VALUES('HP301', 3, 2024, 'VP');
INSERT INTO KHMO VALUES('HP305', 3, 2024, 'VP');
INSERT INTO KHMO VALUES('HP401', 3, 2024, 'VP');
INSERT INTO KHMO VALUES('HP405', 3, 2024, 'VP');
INSERT INTO KHMO VALUES('HP501', 3, 2024, 'VP');
INSERT INTO KHMO VALUES('HP505', 3, 2024, 'VP');
INSERT INTO KHMO VALUES('HP601', 3, 2024, 'VP');
INSERT INTO KHMO VALUES('HP605', 3, 2024, 'VP');

-- INSERT INTO PHANCONG
-- CQ
INSERT INTO PHANCONG VALUES('NV001','HP001', 1, 2024, 'CQ');
INSERT INTO PHANCONG VALUES('NV002','HP002', 1, 2024, 'CQ');
INSERT INTO PHANCONG VALUES('NV301','HP101', 1, 2024, 'CQ');
INSERT INTO PHANCONG VALUES('NV302','HP102', 1, 2024, 'CQ');
INSERT INTO PHANCONG VALUES('NV306','HP201', 1, 2024, 'CQ');
INSERT INTO PHANCONG VALUES('NV307','HP202', 1, 2024, 'CQ');
INSERT INTO PHANCONG VALUES('NV311','HP301', 1, 2024, 'CQ');
INSERT INTO PHANCONG VALUES('NV312','HP302', 1, 2024, 'CQ');
INSERT INTO PHANCONG VALUES('NV316','HP401', 1, 2024, 'CQ');
INSERT INTO PHANCONG VALUES('NV317','HP402', 1, 2024, 'CQ');
INSERT INTO PHANCONG VALUES('NV321','HP501', 1, 2024, 'CQ');
INSERT INTO PHANCONG VALUES('NV322','HP502', 1, 2024, 'CQ');
INSERT INTO PHANCONG VALUES('NV326','HP601', 1, 2024, 'CQ');
INSERT INTO PHANCONG VALUES('NV327','HP602', 1, 2024, 'CQ');

INSERT INTO PHANCONG VALUES('NV003','HP003', 2, 2024, 'CQ');
INSERT INTO PHANCONG VALUES('NV004','HP004', 2, 2024, 'CQ');
INSERT INTO PHANCONG VALUES('NV303','HP103', 2, 2024, 'CQ');
INSERT INTO PHANCONG VALUES('NV304','HP104', 2, 2024, 'CQ');
INSERT INTO PHANCONG VALUES('NV308','HP203', 2, 2024, 'CQ');
INSERT INTO PHANCONG VALUES('NV309','HP204', 2, 2024, 'CQ');
INSERT INTO PHANCONG VALUES('NV313','HP303', 2, 2024, 'CQ');
INSERT INTO PHANCONG VALUES('NV314','HP304', 2, 2024, 'CQ');
INSERT INTO PHANCONG VALUES('NV318','HP403', 2, 2024, 'CQ');
INSERT INTO PHANCONG VALUES('NV319','HP404', 2, 2024, 'CQ');
INSERT INTO PHANCONG VALUES('NV323','HP503', 2, 2024, 'CQ');
INSERT INTO PHANCONG VALUES('NV324','HP504', 2, 2024, 'CQ');
INSERT INTO PHANCONG VALUES('NV328','HP603', 2, 2024, 'CQ');
INSERT INTO PHANCONG VALUES('NV329','HP604', 2, 2024, 'CQ');

INSERT INTO PHANCONG VALUES('NV005','HP001', 3, 2024, 'CQ');
INSERT INTO PHANCONG VALUES('NV006','HP005', 3, 2024, 'CQ');
INSERT INTO PHANCONG VALUES('NV301','HP101', 3, 2024, 'CQ');
INSERT INTO PHANCONG VALUES('NV305','HP105', 3, 2024, 'CQ');
INSERT INTO PHANCONG VALUES('NV306','HP201', 3, 2024, 'CQ');
INSERT INTO PHANCONG VALUES('NV310','HP205', 3, 2024, 'CQ');
INSERT INTO PHANCONG VALUES('NV311','HP301', 3, 2024, 'CQ');
INSERT INTO PHANCONG VALUES('NV315','HP305', 3, 2024, 'CQ');
INSERT INTO PHANCONG VALUES('NV316','HP401', 3, 2024, 'CQ');
INSERT INTO PHANCONG VALUES('NV320','HP405', 3, 2024, 'CQ');
INSERT INTO PHANCONG VALUES('NV321','HP501', 3, 2024, 'CQ');
INSERT INTO PHANCONG VALUES('NV325','HP505', 3, 2024, 'CQ');
INSERT INTO PHANCONG VALUES('NV326','HP601', 3, 2024, 'CQ');
INSERT INTO PHANCONG VALUES('NV330','HP605', 3, 2024, 'CQ');

-- CLC
INSERT INTO PHANCONG VALUES('NV001','HP001', 1, 2024, 'CLC');
INSERT INTO PHANCONG VALUES('NV002','HP002', 1, 2024, 'CLC');
INSERT INTO PHANCONG VALUES('NV301','HP101', 1, 2024, 'CLC');
INSERT INTO PHANCONG VALUES('NV302','HP102', 1, 2024, 'CLC');
INSERT INTO PHANCONG VALUES('NV306','HP201', 1, 2024, 'CLC');
INSERT INTO PHANCONG VALUES('NV307','HP202', 1, 2024, 'CLC');
INSERT INTO PHANCONG VALUES('NV311','HP301', 1, 2024, 'CLC');
INSERT INTO PHANCONG VALUES('NV312','HP302', 1, 2024, 'CLC');
INSERT INTO PHANCONG VALUES('NV316','HP401', 1, 2024, 'CLC');
INSERT INTO PHANCONG VALUES('NV317','HP402', 1, 2024, 'CLC');
INSERT INTO PHANCONG VALUES('NV321','HP501', 1, 2024, 'CLC');
INSERT INTO PHANCONG VALUES('NV322','HP502', 1, 2024, 'CLC');
INSERT INTO PHANCONG VALUES('NV326','HP601', 1, 2024, 'CLC');
INSERT INTO PHANCONG VALUES('NV327','HP602', 1, 2024, 'CLC');

INSERT INTO PHANCONG VALUES('NV003','HP003', 2, 2024, 'CLC');
INSERT INTO PHANCONG VALUES('NV004','HP004', 2, 2024, 'CLC');
INSERT INTO PHANCONG VALUES('NV303','HP103', 2, 2024, 'CLC');
INSERT INTO PHANCONG VALUES('NV304','HP104', 2, 2024, 'CLC');
INSERT INTO PHANCONG VALUES('NV308','HP203', 2, 2024, 'CLC');
INSERT INTO PHANCONG VALUES('NV309','HP204', 2, 2024, 'CLC');
INSERT INTO PHANCONG VALUES('NV313','HP303', 2, 2024, 'CLC');
INSERT INTO PHANCONG VALUES('NV314','HP304', 2, 2024, 'CLC');
INSERT INTO PHANCONG VALUES('NV318','HP403', 2, 2024, 'CLC');
INSERT INTO PHANCONG VALUES('NV319','HP404', 2, 2024, 'CLC');
INSERT INTO PHANCONG VALUES('NV323','HP503', 2, 2024, 'CLC');
INSERT INTO PHANCONG VALUES('NV324','HP504', 2, 2024, 'CLC');
INSERT INTO PHANCONG VALUES('NV328','HP603', 2, 2024, 'CLC');
INSERT INTO PHANCONG VALUES('NV329','HP604', 2, 2024, 'CLC');

INSERT INTO PHANCONG VALUES('NV005','HP001', 3, 2024, 'CLC');
INSERT INTO PHANCONG VALUES('NV006','HP005', 3, 2024, 'CLC');
INSERT INTO PHANCONG VALUES('NV301','HP101', 3, 2024, 'CLC');
INSERT INTO PHANCONG VALUES('NV305','HP105', 3, 2024, 'CLC');
INSERT INTO PHANCONG VALUES('NV306','HP201', 3, 2024, 'CLC');
INSERT INTO PHANCONG VALUES('NV310','HP205', 3, 2024, 'CLC');
INSERT INTO PHANCONG VALUES('NV311','HP301', 3, 2024, 'CLC');
INSERT INTO PHANCONG VALUES('NV315','HP305', 3, 2024, 'CLC');
INSERT INTO PHANCONG VALUES('NV316','HP401', 3, 2024, 'CLC');
INSERT INTO PHANCONG VALUES('NV320','HP405', 3, 2024, 'CLC');
INSERT INTO PHANCONG VALUES('NV321','HP501', 3, 2024, 'CLC');
INSERT INTO PHANCONG VALUES('NV325','HP505', 3, 2024, 'CLC');
INSERT INTO PHANCONG VALUES('NV326','HP601', 3, 2024, 'CLC');
INSERT INTO PHANCONG VALUES('NV330','HP605', 3, 2024, 'CLC');

-- CTTT
INSERT INTO PHANCONG VALUES('NV001','HP001', 1, 2024, 'CTTT');
INSERT INTO PHANCONG VALUES('NV002','HP002', 1, 2024, 'CTTT');
INSERT INTO PHANCONG VALUES('NV301','HP101', 1, 2024, 'CTTT');
INSERT INTO PHANCONG VALUES('NV302','HP102', 1, 2024, 'CTTT');
INSERT INTO PHANCONG VALUES('NV306','HP201', 1, 2024, 'CTTT');
INSERT INTO PHANCONG VALUES('NV307','HP202', 1, 2024, 'CTTT');
INSERT INTO PHANCONG VALUES('NV311','HP301', 1, 2024, 'CTTT');
INSERT INTO PHANCONG VALUES('NV312','HP302', 1, 2024, 'CTTT');
INSERT INTO PHANCONG VALUES('NV316','HP401', 1, 2024, 'CTTT');
INSERT INTO PHANCONG VALUES('NV317','HP402', 1, 2024, 'CTTT');
INSERT INTO PHANCONG VALUES('NV321','HP501', 1, 2024, 'CTTT');
INSERT INTO PHANCONG VALUES('NV322','HP502', 1, 2024, 'CTTT');
INSERT INTO PHANCONG VALUES('NV326','HP601', 1, 2024, 'CTTT');
INSERT INTO PHANCONG VALUES('NV327','HP602', 1, 2024, 'CTTT');

INSERT INTO PHANCONG VALUES('NV003','HP003', 2, 2024, 'CTTT');
INSERT INTO PHANCONG VALUES('NV004','HP004', 2, 2024, 'CTTT');
INSERT INTO PHANCONG VALUES('NV303','HP103', 2, 2024, 'CTTT');
INSERT INTO PHANCONG VALUES('NV304','HP104', 2, 2024, 'CTTT');
INSERT INTO PHANCONG VALUES('NV308','HP203', 2, 2024, 'CTTT');
INSERT INTO PHANCONG VALUES('NV309','HP204', 2, 2024, 'CTTT');
INSERT INTO PHANCONG VALUES('NV313','HP303', 2, 2024, 'CTTT');
INSERT INTO PHANCONG VALUES('NV314','HP304', 2, 2024, 'CTTT');
INSERT INTO PHANCONG VALUES('NV318','HP403', 2, 2024, 'CTTT');
INSERT INTO PHANCONG VALUES('NV319','HP404', 2, 2024, 'CTTT');
INSERT INTO PHANCONG VALUES('NV323','HP503', 2, 2024, 'CTTT');
INSERT INTO PHANCONG VALUES('NV324','HP504', 2, 2024, 'CTTT');
INSERT INTO PHANCONG VALUES('NV328','HP603', 2, 2024, 'CTTT');
INSERT INTO PHANCONG VALUES('NV329','HP604', 2, 2024, 'CTTT');

INSERT INTO PHANCONG VALUES('NV005','HP001', 3, 2024, 'CTTT');
INSERT INTO PHANCONG VALUES('NV006','HP005', 3, 2024, 'CTTT');
INSERT INTO PHANCONG VALUES('NV301','HP101', 3, 2024, 'CTTT');
INSERT INTO PHANCONG VALUES('NV305','HP105', 3, 2024, 'CTTT');
INSERT INTO PHANCONG VALUES('NV306','HP201', 3, 2024, 'CTTT');
INSERT INTO PHANCONG VALUES('NV310','HP205', 3, 2024, 'CTTT');
INSERT INTO PHANCONG VALUES('NV311','HP301', 3, 2024, 'CTTT');
INSERT INTO PHANCONG VALUES('NV315','HP305', 3, 2024, 'CTTT');
INSERT INTO PHANCONG VALUES('NV316','HP401', 3, 2024, 'CTTT');
INSERT INTO PHANCONG VALUES('NV320','HP405', 3, 2024, 'CTTT');
INSERT INTO PHANCONG VALUES('NV321','HP501', 3, 2024, 'CTTT');
INSERT INTO PHANCONG VALUES('NV325','HP505', 3, 2024, 'CTTT');
INSERT INTO PHANCONG VALUES('NV326','HP601', 3, 2024, 'CTTT');
INSERT INTO PHANCONG VALUES('NV330','HP605', 3, 2024, 'CTTT');

-- VP
INSERT INTO PHANCONG VALUES('NV001','HP001', 1, 2024, 'VP');
INSERT INTO PHANCONG VALUES('NV002','HP002', 1, 2024, 'VP');
INSERT INTO PHANCONG VALUES('NV301','HP101', 1, 2024, 'VP');
INSERT INTO PHANCONG VALUES('NV302','HP102', 1, 2024, 'VP');
INSERT INTO PHANCONG VALUES('NV306','HP201', 1, 2024, 'VP');
INSERT INTO PHANCONG VALUES('NV307','HP202', 1, 2024, 'VP');
INSERT INTO PHANCONG VALUES('NV311','HP301', 1, 2024, 'VP');
INSERT INTO PHANCONG VALUES('NV312','HP302', 1, 2024, 'VP');
INSERT INTO PHANCONG VALUES('NV316','HP401', 1, 2024, 'VP');
INSERT INTO PHANCONG VALUES('NV317','HP402', 1, 2024, 'VP');
INSERT INTO PHANCONG VALUES('NV321','HP501', 1, 2024, 'VP');
INSERT INTO PHANCONG VALUES('NV322','HP502', 1, 2024, 'VP');
INSERT INTO PHANCONG VALUES('NV326','HP601', 1, 2024, 'VP');
INSERT INTO PHANCONG VALUES('NV327','HP602', 1, 2024, 'VP');

INSERT INTO PHANCONG VALUES('NV003','HP003', 2, 2024, 'VP');
INSERT INTO PHANCONG VALUES('NV004','HP004', 2, 2024, 'VP');
INSERT INTO PHANCONG VALUES('NV303','HP103', 2, 2024, 'VP');
INSERT INTO PHANCONG VALUES('NV304','HP104', 2, 2024, 'VP');
INSERT INTO PHANCONG VALUES('NV308','HP203', 2, 2024, 'VP');
INSERT INTO PHANCONG VALUES('NV309','HP204', 2, 2024, 'VP');
INSERT INTO PHANCONG VALUES('NV313','HP303', 2, 2024, 'VP');
INSERT INTO PHANCONG VALUES('NV314','HP304', 2, 2024, 'VP');
INSERT INTO PHANCONG VALUES('NV318','HP403', 2, 2024, 'VP');
INSERT INTO PHANCONG VALUES('NV319','HP404', 2, 2024, 'VP');
INSERT INTO PHANCONG VALUES('NV323','HP503', 2, 2024, 'VP');
INSERT INTO PHANCONG VALUES('NV324','HP504', 2, 2024, 'VP');
INSERT INTO PHANCONG VALUES('NV328','HP603', 2, 2024, 'VP');
INSERT INTO PHANCONG VALUES('NV329','HP604', 2, 2024, 'VP');

INSERT INTO PHANCONG VALUES('NV005','HP001', 3, 2024, 'VP');
INSERT INTO PHANCONG VALUES('NV007','HP005', 3, 2024, 'VP');
INSERT INTO PHANCONG VALUES('NV301','HP101', 3, 2024, 'VP');
INSERT INTO PHANCONG VALUES('NV305','HP105', 3, 2024, 'VP');
INSERT INTO PHANCONG VALUES('NV306','HP201', 3, 2024, 'VP');
INSERT INTO PHANCONG VALUES('NV310','HP205', 3, 2024, 'VP');
INSERT INTO PHANCONG VALUES('NV311','HP301', 3, 2024, 'VP');
INSERT INTO PHANCONG VALUES('NV315','HP305', 3, 2024, 'VP');
INSERT INTO PHANCONG VALUES('NV316','HP401', 3, 2024, 'VP');
INSERT INTO PHANCONG VALUES('NV320','HP405', 3, 2024, 'VP');
INSERT INTO PHANCONG VALUES('NV321','HP501', 3, 2024, 'VP');
INSERT INTO PHANCONG VALUES('NV325','HP505', 3, 2024, 'VP');
INSERT INTO PHANCONG VALUES('NV326','HP601', 3, 2024, 'VP');
INSERT INTO PHANCONG VALUES('NV330','HP605', 3, 2024, 'VP');

-- INSERT INTO DANGKY
-- CQ
INSERT INTO DANGKY VALUES('SV1001','NV001','HP001', 1, 2024, 'CQ', 6, 6, 6, 6);
INSERT INTO DANGKY VALUES('SV1002','NV002','HP002', 1, 2024, 'CQ', 6, 6, 6, 6);
INSERT INTO DANGKY VALUES('SV1003','NV301','HP101', 1, 2024, 'CQ', 6, 6, 6, 6);
INSERT INTO DANGKY VALUES('SV1004','NV302','HP102', 1, 2024, 'CQ', 6, 6, 6, 6);
INSERT INTO DANGKY VALUES('SV1005','NV306','HP201', 1, 2024, 'CQ', 6, 6, 6, 6);
INSERT INTO DANGKY VALUES('SV1001','NV307','HP202', 1, 2024, 'CQ', 6, 6, 6, 6);
INSERT INTO DANGKY VALUES('SV1002','NV311','HP301', 1, 2024, 'CQ', 6, 6, 6, 6);
INSERT INTO DANGKY VALUES('SV1003','NV312','HP302', 1, 2024, 'CQ', 6, 6, 6, 6);
INSERT INTO DANGKY VALUES('SV1004','NV316','HP401', 1, 2024, 'CQ', 6, 6, 6, 6);
INSERT INTO DANGKY VALUES('SV1005','NV317','HP402', 1, 2024, 'CQ', 6, 6, 6, 6);
INSERT INTO DANGKY VALUES('SV1001','NV321','HP501', 1, 2024, 'CQ', 6, 6, 6, 6);
INSERT INTO DANGKY VALUES('SV1002','NV322','HP502', 1, 2024, 'CQ', 6, 6, 6, 6);
INSERT INTO DANGKY VALUES('SV1003','NV326','HP601', 1, 2024, 'CQ', 6, 6, 6, 6);
INSERT INTO DANGKY VALUES('SV1004','NV327','HP602', 1, 2024, 'CQ', 6, 6, 6, 6);

INSERT INTO DANGKY VALUES('SV1001','NV003','HP003', 2, 2024, 'CQ', null, null, null, null);
INSERT INTO DANGKY VALUES('SV1002','NV004','HP004', 2, 2024, 'CQ', null, null, null, null);
INSERT INTO DANGKY VALUES('SV1003','NV303','HP103', 2, 2024, 'CQ', null, null, null, null);
INSERT INTO DANGKY VALUES('SV1004','NV304','HP104', 2, 2024, 'CQ', null, null, null, null);
INSERT INTO DANGKY VALUES('SV1005','NV308','HP203', 2, 2024, 'CQ', null, null, null, null);
INSERT INTO DANGKY VALUES('SV1001','NV309','HP204', 2, 2024, 'CQ', null, null, null, null);
INSERT INTO DANGKY VALUES('SV1002','NV313','HP303', 2, 2024, 'CQ', null, null, null, null);
INSERT INTO DANGKY VALUES('SV1003','NV314','HP304', 2, 2024, 'CQ', null, null, null, null);
INSERT INTO DANGKY VALUES('SV1004','NV318','HP403', 2, 2024, 'CQ', null, null, null, null);
INSERT INTO DANGKY VALUES('SV1005','NV319','HP404', 2, 2024, 'CQ', null, null, null, null);
INSERT INTO DANGKY VALUES('SV1001','NV323','HP503', 2, 2024, 'CQ', null, null, null, null);
INSERT INTO DANGKY VALUES('SV1002','NV324','HP504', 2, 2024, 'CQ', null, null, null, null);
INSERT INTO DANGKY VALUES('SV1003','NV328','HP603', 2, 2024, 'CQ', null, null, null, null);
INSERT INTO DANGKY VALUES('SV1004','NV329','HP604', 2, 2024, 'CQ', null, null, null, null);




-- CLC
INSERT INTO DANGKY VALUES('SV2001','NV001','HP001', 1, 2024, 'CLC', 6, 6, 6, 6);
INSERT INTO DANGKY VALUES('SV2002','NV002','HP002', 1, 2024, 'CLC', 6, 6, 6, 6);
INSERT INTO DANGKY VALUES('SV2003','NV301','HP101', 1, 2024, 'CLC', 6, 6, 6, 6);
INSERT INTO DANGKY VALUES('SV2004','NV302','HP102', 1, 2024, 'CLC', 6, 6, 6, 6);
INSERT INTO DANGKY VALUES('SV2005','NV306','HP201', 1, 2024, 'CLC', 6, 6, 6, 6);
INSERT INTO DANGKY VALUES('SV2001','NV307','HP202', 1, 2024, 'CLC', 6, 6, 6, 6);
INSERT INTO DANGKY VALUES('SV2002','NV311','HP301', 1, 2024, 'CLC', 6, 6, 6, 6);
INSERT INTO DANGKY VALUES('SV2003','NV312','HP302', 1, 2024, 'CLC', 6, 6, 6, 6);
INSERT INTO DANGKY VALUES('SV2004','NV316','HP401', 1, 2024, 'CLC', 6, 6, 6, 6);
INSERT INTO DANGKY VALUES('SV2005','NV317','HP402', 1, 2024, 'CLC', 6, 6, 6, 6);
INSERT INTO DANGKY VALUES('SV2001','NV321','HP501', 1, 2024, 'CLC', 6, 6, 6, 6);
INSERT INTO DANGKY VALUES('SV2002','NV322','HP502', 1, 2024, 'CLC', 6, 6, 6, 6);
INSERT INTO DANGKY VALUES('SV2003','NV326','HP601', 1, 2024, 'CLC', 6, 6, 6, 6);
INSERT INTO DANGKY VALUES('SV2004','NV327','HP602', 1, 2024, 'CLC', 6, 6, 6, 6);

INSERT INTO DANGKY VALUES('SV2001','NV003','HP003', 2, 2024, 'CLC', null, null, null, null);
INSERT INTO DANGKY VALUES('SV2002','NV004','HP004', 2, 2024, 'CLC', null, null, null, null);
INSERT INTO DANGKY VALUES('SV2003','NV303','HP103', 2, 2024, 'CLC', null, null, null, null);
INSERT INTO DANGKY VALUES('SV2004','NV304','HP104', 2, 2024, 'CLC', null, null, null, null);
INSERT INTO DANGKY VALUES('SV2005','NV308','HP203', 2, 2024, 'CLC', null, null, null, null);
INSERT INTO DANGKY VALUES('SV2001','NV309','HP204', 2, 2024, 'CLC', null, null, null, null);
INSERT INTO DANGKY VALUES('SV2002','NV313','HP303', 2, 2024, 'CLC', null, null, null, null);
INSERT INTO DANGKY VALUES('SV2003','NV314','HP304', 2, 2024, 'CLC', null, null, null, null);
INSERT INTO DANGKY VALUES('SV2004','NV318','HP403', 2, 2024, 'CLC', null, null, null, null);
INSERT INTO DANGKY VALUES('SV2005','NV319','HP404', 2, 2024, 'CLC', null, null, null, null);
INSERT INTO DANGKY VALUES('SV2001','NV323','HP503', 2, 2024, 'CLC', null, null, null, null);
INSERT INTO DANGKY VALUES('SV2002','NV324','HP504', 2, 2024, 'CLC', null, null, null, null);
INSERT INTO DANGKY VALUES('SV2003','NV328','HP603', 2, 2024, 'CLC', null, null, null, null);
INSERT INTO DANGKY VALUES('SV2004','NV329','HP604', 2, 2024, 'CLC', null, null, null, null);



-- CTTT
INSERT INTO DANGKY VALUES('SV3001','NV001','HP001', 1, 2024, 'CTTT', 6, 6, 6, 6);
INSERT INTO DANGKY VALUES('SV3002','NV002','HP002', 1, 2024, 'CTTT', 6, 6, 6, 6);
INSERT INTO DANGKY VALUES('SV3003','NV301','HP101', 1, 2024, 'CTTT', 6, 6, 6, 6);
INSERT INTO DANGKY VALUES('SV3004','NV302','HP102', 1, 2024, 'CTTT', 6, 6, 6, 6);
INSERT INTO DANGKY VALUES('SV3005','NV306','HP201', 1, 2024, 'CTTT', 6, 6, 6, 6);
INSERT INTO DANGKY VALUES('SV3001','NV307','HP202', 1, 2024, 'CTTT', 6, 6, 6, 6);
INSERT INTO DANGKY VALUES('SV3002','NV311','HP301', 1, 2024, 'CTTT', 6, 6, 6, 6);
INSERT INTO DANGKY VALUES('SV3003','NV312','HP302', 1, 2024, 'CTTT', 6, 6, 6, 6);
INSERT INTO DANGKY VALUES('SV3004','NV316','HP401', 1, 2024, 'CTTT', 6, 6, 6, 6);
INSERT INTO DANGKY VALUES('SV3005','NV317','HP402', 1, 2024, 'CTTT', 6, 6, 6, 6);
INSERT INTO DANGKY VALUES('SV3001','NV321','HP501', 1, 2024, 'CTTT', 6, 6, 6, 6);
INSERT INTO DANGKY VALUES('SV3002','NV322','HP502', 1, 2024, 'CTTT', 6, 6, 6, 6);
INSERT INTO DANGKY VALUES('SV3003','NV326','HP601', 1, 2024, 'CTTT', 6, 6, 6, 6);
INSERT INTO DANGKY VALUES('SV3004','NV327','HP602', 1, 2024, 'CTTT', 6, 6, 6, 6);

INSERT INTO DANGKY VALUES('SV3001','NV003','HP003', 2, 2024, 'CTTT', null, null, null, null);
INSERT INTO DANGKY VALUES('SV3002','NV004','HP004', 2, 2024, 'CTTT', null, null, null, null);
INSERT INTO DANGKY VALUES('SV3003','NV303','HP103', 2, 2024, 'CTTT', null, null, null, null);
INSERT INTO DANGKY VALUES('SV3004','NV304','HP104', 2, 2024, 'CTTT', null, null, null, null);
INSERT INTO DANGKY VALUES('SV3005','NV308','HP203', 2, 2024, 'CTTT', null, null, null, null);
INSERT INTO DANGKY VALUES('SV3001','NV309','HP204', 2, 2024, 'CTTT', null, null, null, null);
INSERT INTO DANGKY VALUES('SV3002','NV313','HP303', 2, 2024, 'CTTT', null, null, null, null);
INSERT INTO DANGKY VALUES('SV3003','NV314','HP304', 2, 2024, 'CTTT', null, null, null, null);
INSERT INTO DANGKY VALUES('SV3004','NV318','HP403', 2, 2024, 'CTTT', null, null, null, null);
INSERT INTO DANGKY VALUES('SV3005','NV319','HP404', 2, 2024, 'CTTT', null, null, null, null);
INSERT INTO DANGKY VALUES('SV3001','NV323','HP503', 2, 2024, 'CTTT', null, null, null, null);
INSERT INTO DANGKY VALUES('SV3002','NV324','HP504', 2, 2024, 'CTTT', null, null, null, null);
INSERT INTO DANGKY VALUES('SV3003','NV328','HP603', 2, 2024, 'CTTT', null, null, null, null);
INSERT INTO DANGKY VALUES('SV3004','NV329','HP604', 2, 2024, 'CTTT', null, null, null, null);



-- VP
INSERT INTO DANGKY VALUES('SV4001','NV001','HP001', 1, 2024, 'VP', 6, 6, 6, 6);
INSERT INTO DANGKY VALUES('SV4002','NV002','HP002', 1, 2024, 'VP', 6, 6, 6, 6);
INSERT INTO DANGKY VALUES('SV4003','NV301','HP101', 1, 2024, 'VP', 6, 6, 6, 6);
INSERT INTO DANGKY VALUES('SV4004','NV302','HP102', 1, 2024, 'VP', 6, 6, 6, 6);
INSERT INTO DANGKY VALUES('SV4005','NV306','HP201', 1, 2024, 'VP', 6, 6, 6, 6);
INSERT INTO DANGKY VALUES('SV4001','NV307','HP202', 1, 2024, 'VP', 6, 6, 6, 6);
INSERT INTO DANGKY VALUES('SV4002','NV311','HP301', 1, 2024, 'VP', 6, 6, 6, 6);
INSERT INTO DANGKY VALUES('SV4003','NV312','HP302', 1, 2024, 'VP', 6, 6, 6, 6);
INSERT INTO DANGKY VALUES('SV4004','NV316','HP401', 1, 2024, 'VP', 6, 6, 6, 6);
INSERT INTO DANGKY VALUES('SV4005','NV317','HP402', 1, 2024, 'VP', 6, 6, 6, 6);
INSERT INTO DANGKY VALUES('SV4001','NV321','HP501', 1, 2024, 'VP', 6, 6, 6, 6);
INSERT INTO DANGKY VALUES('SV4002','NV322','HP502', 1, 2024, 'VP', 6, 6, 6, 6);
INSERT INTO DANGKY VALUES('SV4003','NV326','HP601', 1, 2024, 'VP', 6, 6, 6, 6);
INSERT INTO DANGKY VALUES('SV4004','NV327','HP602', 1, 2024, 'VP', 6, 6, 6, 6);

INSERT INTO DANGKY VALUES('SV4001','NV003','HP003', 2, 2024, 'VP', null, null, null, null);
INSERT INTO DANGKY VALUES('SV4002','NV004','HP004', 2, 2024, 'VP', null, null, null, null);
INSERT INTO DANGKY VALUES('SV4003','NV303','HP103', 2, 2024, 'VP', null, null, null, null);
INSERT INTO DANGKY VALUES('SV4004','NV304','HP104', 2, 2024, 'VP', null, null, null, null);
INSERT INTO DANGKY VALUES('SV4005','NV308','HP203', 2, 2024, 'VP', null, null, null, null);
INSERT INTO DANGKY VALUES('SV4001','NV309','HP204', 2, 2024, 'VP', null, null, null, null);
INSERT INTO DANGKY VALUES('SV4002','NV313','HP303', 2, 2024, 'VP', null, null, null, null);
INSERT INTO DANGKY VALUES('SV4003','NV314','HP304', 2, 2024, 'VP', null, null, null, null);
INSERT INTO DANGKY VALUES('SV4004','NV318','HP403', 2, 2024, 'VP', null, null, null, null);
INSERT INTO DANGKY VALUES('SV4005','NV319','HP404', 2, 2024, 'VP', null, null, null, null);
INSERT INTO DANGKY VALUES('SV4001','NV323','HP503', 2, 2024, 'VP', null, null, null, null);
INSERT INTO DANGKY VALUES('SV4002','NV324','HP504', 2, 2024, 'VP', null, null, null, null);
INSERT INTO DANGKY VALUES('SV4003','NV328','HP603', 2, 2024, 'VP', null, null, null, null);
INSERT INTO DANGKY VALUES('SV4004','NV329','HP604', 2, 2024, 'VP', null, null, null, null);
